City_ID,City,Lat,Lng,Max Temp,Humidity,Cloudiness,Wind Speed,Country,Date,Current Description
0,Paris,48.8534,2.3488,45.0,100,90,9.22,FR,2021-02-07 01:56:18,drizzle
1,Bismil,37.8486,40.6658,35.6,100,0,3.65,TR,2021-02-07 01:57:10,clear sky
2,Qaanaaq,77.484,-69.3632,10.69,87,100,7.56,GL,2021-02-07 01:57:10,overcast clouds
3,Katobu,-4.9408,122.5276,84.87,72,100,4.74,ID,2021-02-07 01:54:00,overcast clouds
4,Mar Del Plata,-38.0023,-57.5575,64.0,77,20,11.5,AR,2021-02-07 01:55:13,few clouds
5,Sobolevo,54.4299,31.8996,-5.06,92,67,8.05,RU,2021-02-07 01:55:41,broken clouds
6,Severo-Kurilsk,50.6789,156.125,22.71,93,93,21.92,RU,2021-02-07 01:57:11,light snow
7,Bredasdorp,-34.5322,20.0403,66.2,88,98,3.44,ZA,2021-02-07 01:55:27,light rain
8,Rikitea,-23.1203,-134.9692,78.78,69,73,10.56,PF,2021-02-07 01:55:25,broken clouds
9,Hilo,19.7297,-155.09,78.8,53,75,5.75,US,2021-02-07 01:53:24,broken clouds
10,San Cristobal,7.7669,-72.225,66.36,90,100,1.21,VE,2021-02-07 01:52:30,overcast clouds
11,Hobart,-42.8794,147.3294,66.0,63,75,17.27,AU,2021-02-07 01:57:11,broken clouds
12,Kurumkan,54.3,110.3,-2.99,84,100,1.86,RU,2021-02-07 01:57:12,overcast clouds
13,Alofi,-19.0595,-169.9187,86.0,70,100,12.66,NU,2021-02-07 01:54:13,light rain
14,Cayenne,4.9333,-52.3333,77.0,100,90,8.05,GF,2021-02-07 01:57:12,mist
15,Kapaa,22.0752,-159.319,73.99,49,40,6.91,US,2021-02-07 01:52:30,scattered clouds
16,Takoradi,4.8845,-1.7554,79.57,86,0,11.9,GH,2021-02-07 01:57:12,clear sky
17,Ilebo,-4.3167,20.5833,72.54,87,99,0.98,CD,2021-02-07 01:57:12,overcast clouds
18,Ribeira Grande,38.5167,-28.7,61.14,88,95,21.88,PT,2021-02-07 01:57:12,overcast clouds
19,Ca Mau,9.1769,105.15,82.58,62,87,7.76,VN,2021-02-07 01:57:13,overcast clouds
20,Upernavik,72.7868,-56.1549,18.97,75,0,4.59,GL,2021-02-07 01:55:42,clear sky
21,Santa Luzia,-19.7697,-43.8514,68.0,100,75,8.05,BR,2021-02-07 01:57:13,fog
22,Butaritari,3.0707,172.7902,80.98,81,71,20.78,KI,2021-02-07 01:54:01,broken clouds
23,Nikolskoye,59.7035,30.7861,10.4,85,75,15.66,RU,2021-02-07 01:52:33,snow
24,Mataura,-46.1927,168.8643,81.88,46,13,1.63,NZ,2021-02-07 01:52:29,few clouds
25,Thompson,55.7435,-97.8558,-27.4,68,40,12.66,CA,2021-02-07 01:54:59,snow
26,Aksu,41.1231,80.2644,28.02,78,100,0.07,CN,2021-02-07 01:55:20,overcast clouds
27,Barrow,71.2906,-156.7887,-5.8,77,90,14.97,US,2021-02-07 01:53:32,haze
28,Bluff,-46.6,168.3333,61.45,71,0,7.96,NZ,2021-02-07 01:57:14,clear sky
29,Flin Flon,54.7682,-101.865,-29.51,82,2,8.48,CA,2021-02-07 01:57:14,clear sky
30,Luderitz,-26.6481,15.1594,67.42,70,0,22.7,NA,2021-02-07 01:57:14,clear sky
31,Coihaique,-45.5752,-72.0662,68.0,40,0,19.57,CL,2021-02-07 01:57:14,clear sky
32,Bezhetsk,57.7851,36.6965,-4.18,91,100,11.14,RU,2021-02-07 01:57:14,overcast clouds
33,Port Lincoln,-34.7333,135.8667,62.55,67,99,12.08,AU,2021-02-07 01:55:34,overcast clouds
34,Albany,42.6001,-73.9662,25.0,48,0,2.01,US,2021-02-07 01:57:15,clear sky
35,Sao Filipe,14.8961,-24.4956,69.31,74,18,14.97,CV,2021-02-07 01:57:15,few clouds
36,Pevek,69.7008,170.3133,-6.57,87,0,4.9,RU,2021-02-07 01:57:15,clear sky
37,Hasaki,35.7333,140.8333,57.0,50,20,5.75,JP,2021-02-07 01:57:15,few clouds
38,Belmonte,-15.8631,-38.8828,78.8,83,75,4.61,BR,2021-02-07 01:57:15,broken clouds
39,Hay River,60.8156,-115.7999,-34.6,67,9,4.61,CA,2021-02-07 01:57:15,clear sky
40,Tommot,58.9564,126.2925,-14.17,83,100,0.38,RU,2021-02-07 01:57:16,overcast clouds
41,Praia Da Vitoria,38.7333,-27.0667,60.8,82,20,13.76,PT,2021-02-07 01:57:16,few clouds
42,New Norfolk,-42.7826,147.0587,66.0,46,39,4.0,AU,2021-02-07 01:52:32,scattered clouds
43,Touros,-5.1989,-35.4608,77.0,83,20,3.44,BR,2021-02-07 01:57:16,few clouds
44,Port Elizabeth,-33.918,25.5701,63.0,90,4,13.22,ZA,2021-02-07 01:54:20,clear sky
45,Vaini,-21.2,-175.2,84.2,84,75,9.22,TO,2021-02-07 01:54:07,broken clouds
46,Punta Arenas,-53.15,-70.9167,51.8,66,0,17.27,CL,2021-02-07 01:54:04,clear sky
47,Szprotawa,51.5656,15.5366,21.99,62,100,13.0,PL,2021-02-07 01:57:17,light snow
48,Frederick,39.4668,-77.3997,35.6,69,1,3.91,US,2021-02-07 01:54:06,clear sky
49,Busselton,-33.65,115.3333,62.01,95,100,1.99,AU,2021-02-07 01:54:07,light rain
50,Orlik,52.5178,99.825,-2.81,83,2,2.06,RU,2021-02-07 01:57:17,clear sky
51,Lasa,46.6166,10.7002,39.0,100,99,4.12,IT,2021-02-07 01:57:17,light rain
52,Hamilton,39.1834,-84.5333,30.2,59,1,6.91,US,2021-02-07 01:57:17,clear sky
53,Svetlyy,54.675,20.1347,21.99,85,0,2.24,RU,2021-02-07 01:57:17,clear sky
54,Ugoofaaru,5.6667,73.0,81.37,72,16,10.74,MV,2021-02-07 01:57:17,few clouds
55,Hithadhoo,-0.6,73.0833,81.36,76,0,12.19,MV,2021-02-07 01:54:04,clear sky
56,Ketchikan,55.3422,-131.6461,37.4,80,90,8.05,US,2021-02-07 01:55:29,overcast clouds
57,Tasiilaq,65.6145,-37.6368,33.8,55,82,28.77,GL,2021-02-07 01:54:23,broken clouds
58,Tautira,-17.7333,-149.15,86.0,62,20,12.66,PF,2021-02-07 01:55:15,light rain
59,Bilibino,68.0546,166.4372,-3.21,79,0,3.6,RU,2021-02-07 01:57:18,clear sky
60,Cape Town,-33.9258,18.4232,70.0,83,20,11.5,ZA,2021-02-07 01:55:17,few clouds
61,Ponoka,52.6768,-113.5815,-13.0,77,100,5.75,CA,2021-02-07 01:57:18,overcast clouds
62,Oktyabrskoye,43.0645,44.7417,32.0,86,86,6.71,RU,2021-02-07 01:57:19,overcast clouds
63,Sitka,57.0531,-135.33,33.8,55,40,6.91,US,2021-02-07 01:54:10,scattered clouds
64,Cap-Aux-Meules,47.3821,-61.8597,30.2,64,0,34.52,CA,2021-02-07 01:57:19,clear sky
65,Ambon,-3.6954,128.1814,89.6,62,40,5.75,ID,2021-02-07 01:57:19,scattered clouds
66,Bethel,41.3712,-73.414,35.01,59,1,4.74,US,2021-02-07 01:56:30,clear sky
67,Ushuaia,-54.8,-68.3,50.0,76,75,12.66,AR,2021-02-07 01:52:27,broken clouds
68,Jinchang,38.4953,102.1739,33.85,61,0,3.42,CN,2021-02-07 01:57:19,clear sky
69,Namatanai,-3.6667,152.4333,86.16,63,86,6.6,PG,2021-02-07 01:57:19,overcast clouds
70,Surt,31.2089,16.5887,65.98,35,99,17.6,LY,2021-02-07 01:57:19,overcast clouds
71,Nemuro,43.3236,145.575,24.44,97,100,10.8,JP,2021-02-07 01:56:11,light snow
72,Fairbanks,64.8378,-147.7164,-5.01,77,90,1.34,US,2021-02-07 01:53:45,light snow
73,Victoria,22.2855,114.1577,73.0,69,0,1.01,HK,2021-02-07 01:57:05,clear sky
74,Port Alfred,-33.5906,26.891,66.99,87,33,4.0,ZA,2021-02-07 01:57:20,scattered clouds
75,Carnarvon,-24.8667,113.6333,84.2,100,40,13.8,AU,2021-02-07 01:52:26,scattered clouds
76,Kasongo-Lunda,-6.4667,16.8167,72.03,90,100,1.21,CD,2021-02-07 01:57:20,light rain
77,Vestmannaeyjar,63.4427,-20.2734,38.37,76,0,27.38,IS,2021-02-07 01:57:21,clear sky
78,Constitucion,-35.3333,-72.4167,57.38,87,32,4.29,CL,2021-02-07 01:57:21,scattered clouds
79,Cabras,39.93,8.5314,63.0,74,100,5.01,IT,2021-02-07 01:57:21,overcast clouds
80,Pyaozerskiy,65.8333,31.1667,13.62,94,80,10.4,RU,2021-02-07 01:57:21,broken clouds
81,Beringovskiy,63.05,179.3167,-7.47,90,61,12.1,RU,2021-02-07 01:57:21,broken clouds
82,Atar,20.5169,-13.0499,57.7,39,47,12.48,MR,2021-02-07 01:57:21,scattered clouds
83,Torbay,47.6666,-52.7314,42.8,93,75,24.16,CA,2021-02-07 01:52:27,broken clouds
84,College,64.8569,-147.8028,-5.01,77,90,1.32,US,2021-02-07 01:57:21,light snow
85,Puerto Ayora,-0.7393,-90.3518,77.0,94,66,6.76,EC,2021-02-07 01:54:01,broken clouds
86,Los Llanos De Aridane,28.6585,-17.9182,59.0,72,0,5.75,ES,2021-02-07 01:54:13,clear sky
87,Mildura,-34.2,142.15,69.8,56,90,11.5,AU,2021-02-07 01:57:22,overcast clouds
88,Norman Wells,65.282,-126.8329,-27.4,68,75,2.3,CA,2021-02-07 01:54:14,broken clouds
89,Bambous Virieux,-20.3428,57.7575,75.0,86,3,1.99,MU,2021-02-07 01:55:32,light rain
90,Saint Anthony,45.0205,-93.218,-5.8,59,1,13.8,US,2021-02-07 01:57:22,clear sky
91,Buraydah,26.326,43.975,48.2,100,75,6.91,SA,2021-02-07 01:57:22,broken clouds
92,Saskylakh,71.9167,114.0833,-42.0,78,24,7.58,RU,2021-02-07 01:57:22,few clouds
93,Beloha,-25.1667,45.05,73.99,95,23,3.09,MG,2021-02-07 01:57:23,few clouds
94,Cidreira,-30.1811,-50.2056,67.48,77,10,5.3,BR,2021-02-07 01:52:50,clear sky
95,Jumla,29.2747,82.1838,28.9,70,0,7.14,NP,2021-02-07 01:57:23,clear sky
96,Kodiak,57.79,-152.4072,37.4,65,1,10.36,US,2021-02-07 01:57:23,clear sky
97,Valle De Allende,26.9333,-105.4,55.42,34,0,6.31,MX,2021-02-07 01:57:23,clear sky
98,Castro,-24.7911,-50.0119,61.25,92,42,10.87,BR,2021-02-07 01:54:39,scattered clouds
99,Norrtalje,59.758,18.705,25.0,92,0,6.91,SE,2021-02-07 01:57:24,clear sky
100,San Joaquin,37.9333,-121.3011,64.4,39,20,3.44,US,2021-02-07 01:57:24,few clouds
101,Nome,64.5011,-165.4064,17.6,73,90,3.44,US,2021-02-07 01:57:24,overcast clouds
102,Chuy,-33.6971,-53.4616,66.58,90,0,8.77,UY,2021-02-07 01:54:24,clear sky
103,Jipijapa,-1.3333,-80.5833,80.6,74,0,4.61,EC,2021-02-07 01:57:24,clear sky
104,Chokurdakh,70.6333,147.9167,-21.35,86,98,4.23,RU,2021-02-07 01:54:28,overcast clouds
105,Kavieng,-2.5744,150.7967,85.33,64,29,2.33,PG,2021-02-07 01:57:24,scattered clouds
106,Vikhorevka,56.1201,101.1636,12.2,79,75,4.47,RU,2021-02-07 01:57:24,broken clouds
107,Nanakuli,21.3906,-158.1547,78.8,44,1,14.97,US,2021-02-07 01:57:25,clear sky
108,Muswellbrook,-32.2667,150.9,89.01,27,76,3.0,AU,2021-02-07 01:57:25,broken clouds
109,Flinders,-34.5833,150.8552,79.0,77,22,5.01,AU,2021-02-07 01:57:25,few clouds
110,Biu,10.6129,12.1946,62.35,30,100,6.85,NG,2021-02-07 01:57:25,overcast clouds
111,Halifax,44.6453,-63.5724,32.0,86,40,10.36,CA,2021-02-07 01:56:46,scattered clouds
112,Ponta Delgada,37.7333,-25.6667,59.0,88,75,23.02,PT,2021-02-07 01:57:25,broken clouds
113,Arman,59.7,150.1667,13.39,86,100,17.13,RU,2021-02-07 01:57:25,overcast clouds
114,Clyde River,70.4692,-68.5914,-7.6,77,90,2.3,CA,2021-02-07 01:54:09,overcast clouds
115,Thinadhoo,0.5333,72.9333,81.43,74,0,12.97,MV,2021-02-07 01:54:35,clear sky
116,Dingle,10.9995,122.6711,81.48,81,79,15.01,PH,2021-02-07 01:52:48,broken clouds
117,Nueva Italia,-25.6167,-57.5,71.6,78,0,3.44,PY,2021-02-07 01:57:26,clear sky
118,Baykit,61.67,96.37,19.04,94,100,6.02,RU,2021-02-07 01:57:26,light snow
119,Leningradskiy,69.3833,178.4167,-10.28,74,0,5.77,RU,2021-02-07 01:57:26,clear sky
120,Porto-Vecchio,41.591,9.2795,53.6,94,0,12.66,FR,2021-02-07 01:57:26,clear sky
121,Homer,59.6425,-151.5483,33.8,59,1,6.49,US,2021-02-07 01:57:26,clear sky
122,Tahoua,14.8888,5.2692,67.5,22,38,11.16,NE,2021-02-07 01:57:27,scattered clouds
123,Jamestown,42.097,-79.2353,17.6,49,1,6.91,US,2021-02-07 01:56:04,clear sky
124,Farmington,36.7281,-108.2187,42.8,22,1,8.05,US,2021-02-07 01:53:36,clear sky
125,Ust-Shonosha,61.1531,41.343,-10.25,89,98,8.21,RU,2021-02-07 01:57:27,overcast clouds
126,Cairns,-16.9167,145.7667,89.01,74,100,5.75,AU,2021-02-07 01:57:27,overcast clouds
127,Garsten,47.9987,14.4035,37.4,87,75,12.66,AT,2021-02-07 01:57:27,broken clouds
128,Souillac,-20.5167,57.5167,75.0,86,6,1.99,MU,2021-02-07 01:57:27,clear sky
129,Ilulissat,69.2167,-51.1,24.8,39,0,31.07,GL,2021-02-07 01:57:27,light snow
130,Aleksandrovsk-Sakhalinskiy,50.8975,142.1561,2.46,91,100,7.56,RU,2021-02-07 01:57:28,overcast clouds
131,Saa,4.3667,11.45,70.59,92,37,3.49,CM,2021-02-07 01:57:28,scattered clouds
132,Esperance,-33.8667,121.9,60.8,94,75,12.66,AU,2021-02-07 01:57:28,light rain
133,Pangnirtung,66.1451,-65.7125,23.5,80,76,3.53,CA,2021-02-07 01:54:59,broken clouds
134,Quatre Cocos,-20.2078,57.7625,75.0,86,4,1.99,MU,2021-02-07 01:57:28,light rain
135,Kyaikto,17.3,97.0167,78.35,55,0,5.32,MM,2021-02-07 01:57:28,clear sky
136,Cotonou,6.3654,2.4183,84.2,84,40,12.66,BJ,2021-02-07 01:57:28,scattered clouds
137,Lakselv,70.0513,24.9718,23.0,86,75,25.32,NO,2021-02-07 01:57:28,light rain
138,Te Anau,-45.4167,167.7167,75.9,38,0,5.68,NZ,2021-02-07 01:55:11,clear sky
139,Sonkovo,57.7782,37.1571,-2.65,92,100,12.41,RU,2021-02-07 01:57:29,overcast clouds
140,Lakhnadon,22.6,79.6,49.44,54,0,1.92,IN,2021-02-07 01:57:29,clear sky
141,Hermanus,-34.4187,19.2345,66.99,94,98,4.76,ZA,2021-02-07 01:57:29,overcast clouds
142,Quesnel,52.9999,-122.5029,12.2,79,90,10.36,CA,2021-02-07 01:57:29,light snow
143,Daru,-9.0763,143.2092,89.33,60,43,7.81,PG,2021-02-07 01:54:59,scattered clouds
144,Camacha,33.0833,-16.3333,59.0,77,40,13.8,PT,2021-02-07 01:57:30,scattered clouds
145,Puerto Rico,-26.796,-55.024,63.73,82,0,3.06,AR,2021-02-07 01:57:30,clear sky
146,Aykhal,66.0,111.5,-31.04,82,3,8.86,RU,2021-02-07 01:57:30,clear sky
147,Knysna,-34.0363,23.0471,66.2,88,20,6.91,ZA,2021-02-07 01:57:30,few clouds
148,Danielskuil,-28.1887,23.5395,63.37,82,0,7.63,ZA,2021-02-07 01:57:30,clear sky
149,Tuatapere,-46.1333,167.6833,73.13,44,15,4.32,NZ,2021-02-07 01:57:30,few clouds
150,Khatanga,71.9667,102.5,-35.28,78,0,8.55,RU,2021-02-07 01:52:51,clear sky
151,East London,-33.0153,27.9116,72.7,87,75,17.58,ZA,2021-02-07 01:57:30,broken clouds
152,Caucaia,-3.7361,-38.6531,81.0,78,40,6.91,BR,2021-02-07 01:55:04,scattered clouds
153,Bonito,-21.1211,-56.4819,66.18,76,0,3.4,BR,2021-02-07 01:57:31,clear sky
154,Rio Gallegos,-51.6226,-69.2181,55.4,58,0,3.44,AR,2021-02-07 01:57:31,clear sky
155,Havelock,34.8791,-76.9013,46.0,65,90,9.22,US,2021-02-07 01:57:31,overcast clouds
156,Golfito,8.639,-83.166,76.68,88,87,3.96,CR,2021-02-07 01:57:31,overcast clouds
157,Changping,40.2186,116.2197,37.0,30,0,6.71,CN,2021-02-07 01:57:31,clear sky
158,Kruisfontein,-34.0033,24.7314,63.0,90,1,8.34,ZA,2021-02-07 01:54:34,clear sky
159,Mandalgovi,45.7625,106.2708,8.37,84,0,6.02,MN,2021-02-07 01:57:32,clear sky
160,Pacific Grove,36.6177,-121.9166,55.0,94,20,4.61,US,2021-02-07 01:57:32,few clouds
161,Pisco,-13.7,-76.2167,71.6,83,75,9.22,PE,2021-02-07 01:57:32,broken clouds
162,Talnakh,69.4865,88.3972,-30.03,73,0,1.54,RU,2021-02-07 01:52:52,clear sky
163,Inuvik,68.3499,-133.7218,-16.6,76,100,4.61,CA,2021-02-07 01:57:32,overcast clouds
164,Nishihara,26.1842,127.7558,71.6,56,20,6.91,JP,2021-02-07 01:57:32,few clouds
165,Dillon,34.4166,-79.3712,44.01,70,90,9.22,US,2021-02-07 01:57:32,light rain
166,Provideniya,64.3833,-173.3,1.45,87,2,7.23,RU,2021-02-07 01:57:32,clear sky
167,Goderich,43.7501,-81.7165,19.4,79,100,17.27,CA,2021-02-07 01:57:33,overcast clouds
168,Vallenar,-28.5708,-70.7581,62.92,67,0,1.9,CL,2021-02-07 01:57:33,clear sky
169,Kiyasovo,56.3491,53.1244,-2.0,82,96,1.01,RU,2021-02-07 01:57:33,overcast clouds
170,Henties Bay,-22.116,14.2845,63.0,90,7,3.0,NA,2021-02-07 01:57:33,clear sky
171,Vardo,70.3705,31.1107,26.91,92,100,29.37,NO,2021-02-07 01:55:03,light snow
172,Quelimane,-17.8786,36.8883,82.4,89,20,3.27,MZ,2021-02-07 01:57:33,light rain
173,Dunedin,-45.8742,170.5036,61.0,77,0,28.99,NZ,2021-02-07 01:57:33,clear sky
174,Russell,32.3502,-85.1999,42.8,87,90,5.75,US,2021-02-07 01:57:34,overcast clouds
175,Haines Junction,60.7522,-137.5108,-14.8,70,52,0.31,CA,2021-02-07 01:57:34,broken clouds
176,Inta,66.0317,60.1659,-21.77,85,100,17.0,RU,2021-02-07 01:57:34,overcast clouds
177,Manggar,-2.8833,108.2667,83.37,74,100,11.72,ID,2021-02-07 01:57:34,overcast clouds
178,Ponta Do Sol,32.6667,-17.1,54.0,66,23,5.01,PT,2021-02-07 01:57:34,few clouds
179,Airai,-8.9266,125.4092,72.81,74,72,5.39,TL,2021-02-07 01:52:45,broken clouds
180,Lanzhou,36.0564,103.7922,35.01,35,100,0.43,CN,2021-02-07 01:57:35,overcast clouds
181,Tessalit,20.1986,1.0114,68.63,22,100,8.72,ML,2021-02-07 01:56:01,overcast clouds
182,Upington,-28.4478,21.2561,73.96,38,0,8.97,ZA,2021-02-07 01:54:26,clear sky
183,Orapa,-21.2833,25.3667,71.96,81,100,10.38,BW,2021-02-07 01:57:35,light rain
184,Cabo San Lucas,22.8909,-109.9124,69.8,60,20,8.05,MX,2021-02-07 01:56:48,few clouds
185,Moose Factory,51.2585,-80.6094,-4.0,77,90,3.44,CA,2021-02-07 01:57:35,light snow
186,Kabinda,-6.1333,24.4833,68.34,97,100,1.95,CD,2021-02-07 01:57:35,overcast clouds
187,Padang,-0.9492,100.3543,82.4,69,20,2.3,ID,2021-02-07 01:57:35,few clouds
188,Dikson,73.5069,80.5464,-27.2,87,91,9.06,RU,2021-02-07 01:55:38,overcast clouds
189,North Bend,43.4065,-124.2243,48.2,87,90,4.61,US,2021-02-07 01:57:36,overcast clouds
190,Saint-Joseph,-21.3667,55.6167,78.8,69,40,6.91,RE,2021-02-07 01:57:36,scattered clouds
191,Labuhan,-6.8844,112.2051,83.25,77,3,12.88,ID,2021-02-07 01:57:36,clear sky
192,Ovre Ardal,61.3167,7.8,8.49,71,0,4.16,NO,2021-02-07 01:57:36,clear sky
193,Palora,-1.7,-77.9333,66.87,94,90,1.52,EC,2021-02-07 01:57:36,overcast clouds
194,San Policarpo,12.1791,125.5072,81.28,84,100,15.48,PH,2021-02-07 01:57:36,overcast clouds
195,Tura,25.5198,90.2201,60.96,56,100,2.13,IN,2021-02-07 01:57:36,overcast clouds
196,Sinnar,13.5691,33.5672,59.09,34,0,11.59,SD,2021-02-07 01:57:37,clear sky
197,Saldanha,-33.0117,17.9442,64.4,88,22,6.91,ZA,2021-02-07 01:57:37,few clouds
198,Naze,28.3667,129.4833,61.03,66,0,8.97,JP,2021-02-07 01:57:37,clear sky
199,Faanui,-16.4833,-151.75,83.08,65,0,10.07,PF,2021-02-07 01:57:37,clear sky
200,Loubomo,-4.1997,12.6739,73.72,95,100,5.57,CG,2021-02-07 01:57:37,light rain
201,Saint-Philippe,-21.3585,55.7679,78.8,69,40,6.91,RE,2021-02-07 01:57:37,scattered clouds
202,Krasnoselkup,65.7,82.4667,-10.25,89,100,12.33,RU,2021-02-07 01:57:37,overcast clouds
203,Moshi,-3.35,37.3333,68.0,100,75,2.04,TZ,2021-02-07 01:57:37,light rain
204,Antofagasta,-23.65,-70.4,66.2,77,75,8.05,CL,2021-02-07 01:54:31,broken clouds
205,Yellowknife,62.456,-114.3525,-40.0,74,1,3.44,CA,2021-02-07 01:52:39,mist
206,Shirokiy,49.758,129.523,-13.29,87,0,6.62,RU,2021-02-07 01:57:38,clear sky
207,Aklavik,68.2191,-135.0107,-16.6,76,100,4.61,CA,2021-02-07 01:57:38,overcast clouds
208,Waingapu,-9.6567,120.2641,85.14,68,25,8.21,ID,2021-02-07 01:57:38,scattered clouds
209,Lavrentiya,65.5833,-171.0,-11.04,80,0,1.01,RU,2021-02-07 01:57:38,clear sky
210,Sihora,23.4833,80.1167,49.8,58,0,2.04,IN,2021-02-07 01:57:38,clear sky
211,Longyearbyen,78.2186,15.6401,15.8,86,75,12.66,SJ,2021-02-07 01:57:39,broken clouds
212,Praia,14.9215,-23.5087,68.0,64,75,20.71,CV,2021-02-07 01:57:39,broken clouds
213,Harrisonburg,38.4496,-78.8689,37.99,60,1,3.36,US,2021-02-07 01:54:11,clear sky
214,Ghanzi,-21.5667,21.7833,67.26,93,100,6.93,BW,2021-02-07 01:57:39,light rain
215,Cedar City,37.6775,-113.0619,44.6,26,1,8.05,US,2021-02-07 01:53:33,clear sky
216,Avera,33.194,-82.5271,41.0,91,90,9.22,US,2021-02-07 01:57:39,light intensity drizzle
217,Bathsheba,13.2167,-59.5167,77.22,79,97,18.72,BB,2021-02-07 01:57:39,overcast clouds
218,Grootfontein,-19.5667,18.1167,68.11,81,99,5.82,NA,2021-02-07 01:57:39,overcast clouds
219,Kalabo,-14.97,22.6814,67.64,91,100,4.12,ZM,2021-02-07 01:57:40,moderate rain
220,La Asuncion,11.0333,-63.8628,76.21,84,100,14.58,VE,2021-02-07 01:57:40,overcast clouds
221,Broken Hill,-31.95,141.4333,69.8,52,0,14.97,AU,2021-02-07 01:55:08,clear sky
222,Salalah,17.0151,54.0924,73.4,68,75,2.3,OM,2021-02-07 01:54:20,broken clouds
223,Bonavista,48.6499,-53.1147,39.99,100,89,6.91,CA,2021-02-07 01:57:40,overcast clouds
224,Chenghai,23.4632,116.768,62.6,77,75,4.47,CN,2021-02-07 01:57:40,mist
225,Bengkulu,-3.8004,102.2655,83.34,63,84,4.12,ID,2021-02-07 01:55:36,broken clouds
226,Ossora,59.2353,163.0719,26.15,97,100,37.2,RU,2021-02-07 01:57:40,snow
227,Atuona,-9.8,-139.0333,79.99,80,73,18.21,PF,2021-02-07 01:57:41,broken clouds
228,Lorengau,-2.0226,147.2712,86.38,66,100,5.55,PG,2021-02-07 01:57:41,light rain
229,Gigmoto,13.7796,124.39,81.66,77,84,13.2,PH,2021-02-07 01:57:41,broken clouds
230,Tulum,20.2167,-87.4667,79.0,89,1,8.05,MX,2021-02-07 01:57:41,clear sky
231,Kenai,60.5544,-151.2583,18.0,92,90,4.61,US,2021-02-07 01:55:56,mist
232,Paragominas,-2.9667,-47.4833,75.09,82,49,3.09,BR,2021-02-07 01:57:41,scattered clouds
233,Dawlatabad,36.4141,64.9053,46.22,75,1,0.54,AF,2021-02-07 01:57:42,clear sky
234,Sangar,63.9242,127.4739,-32.78,79,15,9.08,RU,2021-02-07 01:55:23,few clouds
235,Cherskiy,68.75,161.3,-2.88,81,0,3.31,RU,2021-02-07 01:55:51,clear sky
236,Tambacounda,13.7539,-13.7586,71.78,23,48,7.16,SN,2021-02-07 01:57:42,scattered clouds
237,Coquimbo,-29.9533,-71.3436,60.8,82,0,6.91,CL,2021-02-07 01:56:49,clear sky
238,Marsa Matruh,31.3525,27.2453,48.2,87,0,6.91,EG,2021-02-07 01:57:42,clear sky
239,Vernon,50.2581,-119.2691,35.6,75,100,4.61,CA,2021-02-07 01:57:42,overcast clouds
240,Kununurra,-15.7667,128.7333,84.2,84,75,5.75,AU,2021-02-07 01:57:43,broken clouds
241,Portland,45.5234,-122.6762,46.99,87,90,5.75,US,2021-02-07 01:56:02,overcast clouds
242,Tandil,-37.3217,-59.1332,64.0,77,14,3.0,AR,2021-02-07 01:57:43,light rain
243,Pucara,-15.9803,-71.4606,53.6,94,75,1.14,PE,2021-02-07 01:57:43,broken clouds
244,Kabansk,52.0486,106.6528,-7.6,77,99,2.24,RU,2021-02-07 01:57:43,smoke
245,Kudahuvadhoo,2.6708,72.8944,80.8,78,12,14.14,MV,2021-02-07 01:55:18,few clouds
246,Teguldet,57.3064,88.1667,30.74,98,100,7.83,RU,2021-02-07 01:55:35,overcast clouds
247,Richards Bay,-28.783,32.0377,72.79,86,31,8.9,ZA,2021-02-07 01:57:44,scattered clouds
248,Ahipara,-35.1667,173.1667,69.31,66,95,1.61,NZ,2021-02-07 01:57:44,overcast clouds
249,Tuktoyaktuk,69.4541,-133.0374,-16.6,76,90,19.57,CA,2021-02-07 01:57:44,snow
250,Grand Gaube,-20.0064,57.6608,75.0,86,0,1.99,MU,2021-02-07 01:52:59,clear sky
251,Dickinson,29.4608,-95.0513,61.0,77,1,5.75,US,2021-02-07 01:57:44,clear sky
252,Kavaratti,10.5669,72.642,81.27,61,72,9.93,IN,2021-02-07 01:57:44,broken clouds
253,Honningsvag,70.9821,25.9704,27.81,94,100,25.75,NO,2021-02-07 01:57:44,overcast clouds
254,Noumea,-22.2763,166.4572,87.8,62,40,10.36,NC,2021-02-07 01:57:45,scattered clouds
255,Buenos Aires,-34.6132,-58.3772,81.0,69,0,2.3,AR,2021-02-07 01:57:45,clear sky
256,Woodstock,43.1334,-80.7497,19.4,73,25,5.75,CA,2021-02-07 01:57:45,scattered clouds
257,Puerto Escondido,15.85,-97.0667,80.6,74,75,4.61,MX,2021-02-07 01:57:45,broken clouds
258,Golden,39.7555,-105.2211,39.99,32,40,5.75,US,2021-02-07 01:57:45,scattered clouds
259,Mazatlan,23.2167,-106.4167,68.0,77,1,8.05,MX,2021-02-07 01:57:27,clear sky
260,Cockburn Town,21.4612,-71.1419,77.47,78,0,23.31,TC,2021-02-07 01:57:45,clear sky
261,Katsuura,35.1333,140.3,57.0,66,20,5.75,JP,2021-02-07 01:57:45,few clouds
262,Coxim,-18.5067,-54.76,72.93,65,8,4.25,BR,2021-02-07 01:54:07,clear sky
263,Cap Malheureux,-19.9842,57.6142,75.0,86,0,1.99,MU,2021-02-07 01:57:46,clear sky
264,Austin,30.2672,-97.7431,63.0,38,1,10.36,US,2021-02-07 01:57:46,clear sky
265,Uruzgan,32.8333,66.0,43.54,56,85,5.77,AF,2021-02-07 01:57:46,overcast clouds
266,Tabas,33.5959,56.9244,46.4,27,23,6.91,IR,2021-02-07 01:57:46,few clouds
267,Matagami,49.7502,-77.6328,5.0,78,90,11.5,CA,2021-02-07 01:57:46,light snow
268,Nuevo Progreso,23.1667,-97.95,70.0,91,60,14.0,MX,2021-02-07 01:57:46,broken clouds
269,Bend,44.0582,-121.3153,41.0,65,1,12.66,US,2021-02-07 01:57:47,clear sky
270,Grindavik,63.8424,-22.4338,32.0,64,0,17.27,IS,2021-02-07 01:54:08,clear sky
271,Petukhovo,55.0692,67.9019,16.11,95,100,25.59,RU,2021-02-07 01:57:47,overcast clouds
272,Valparaiso,-33.0393,-71.6273,62.6,77,90,3.44,CL,2021-02-07 01:57:47,overcast clouds
273,Tadine,-21.55,167.8833,81.97,73,35,5.19,NC,2021-02-07 01:57:47,scattered clouds
274,Imbituba,-28.24,-48.6703,73.4,68,0,3.44,BR,2021-02-07 01:57:47,clear sky
275,Impfondo,1.6381,18.0667,73.44,74,3,2.35,CG,2021-02-07 01:57:47,light rain
276,Zhangye,38.9342,100.4517,34.29,57,14,3.6,CN,2021-02-07 01:57:47,few clouds
277,Campbellton,48.0075,-66.6727,21.2,63,11,10.36,CA,2021-02-07 01:57:48,few clouds
278,Elmira,42.0898,-76.8077,17.6,53,1,4.05,US,2021-02-07 01:57:48,clear sky
279,Bowen,-20.0167,148.2333,87.8,66,40,6.91,AU,2021-02-07 01:57:48,scattered clouds
280,Liku,-0.7275,119.8922,87.35,53,100,1.12,ID,2021-02-07 01:57:48,overcast clouds
281,Manjo,4.8428,9.8217,70.75,85,85,1.05,CM,2021-02-07 01:57:48,overcast clouds
282,Tragana,38.6167,23.1167,57.99,45,100,1.99,GR,2021-02-07 01:57:48,overcast clouds
283,Berdigestyakh,62.0989,126.6992,-31.16,83,15,4.72,RU,2021-02-07 01:57:48,few clouds
284,Caravelas,-17.7125,-39.2481,77.92,85,100,9.55,BR,2021-02-07 01:57:49,light rain
285,El Salto,20.3333,-104.5,64.99,40,0,1.99,MX,2021-02-07 01:57:49,clear sky
286,Lata,40.1629,-8.3327,50.0,66,40,12.66,PT,2021-02-07 01:57:49,scattered clouds
287,Ubauro,28.1652,69.7289,50.83,45,0,1.59,PK,2021-02-07 01:57:49,clear sky
288,Truth Or Consequences,33.1284,-107.2528,57.2,14,1,9.22,US,2021-02-07 01:57:49,clear sky
289,Aleksandrov Gay,50.147,48.5704,17.2,89,71,14.88,RU,2021-02-07 01:57:49,broken clouds
290,Catalina,32.5056,-110.9211,60.01,27,0,4.63,US,2021-02-07 01:57:49,clear sky
291,Arraial Do Cabo,-22.9661,-42.0278,72.1,84,100,7.67,BR,2021-02-07 01:55:27,overcast clouds
292,Saurimo,-9.6608,20.3916,65.05,96,100,4.12,AO,2021-02-07 01:57:50,overcast clouds
293,Namibe,-15.1961,12.1522,70.39,80,67,5.32,AO,2021-02-07 01:54:23,broken clouds
294,Tiksi,71.6872,128.8694,-25.76,84,100,5.35,RU,2021-02-07 01:57:50,overcast clouds
295,Carman,49.4992,-98.0016,-14.8,58,49,9.22,CA,2021-02-07 01:57:50,scattered clouds
296,Denpasar,-8.65,115.2167,82.4,83,20,2.3,ID,2021-02-07 01:57:50,few clouds
297,Mahon,39.8885,4.2658,55.4,94,40,10.36,ES,2021-02-07 01:57:50,scattered clouds
298,Madang,-5.2246,145.7966,88.5,61,66,1.99,PG,2021-02-07 01:57:51,broken clouds
299,Amuntai,-2.4177,115.2494,83.71,82,91,0.78,ID,2021-02-07 01:57:51,overcast clouds
300,Springfield,37.2153,-93.2982,25.0,80,90,16.11,US,2021-02-07 01:54:25,light snow
301,Wamba,8.9333,8.6,72.82,23,64,4.16,NG,2021-02-07 01:57:51,broken clouds
302,Nouadhibou,20.931,-17.0347,60.8,72,0,16.11,MR,2021-02-07 01:57:51,clear sky
303,Fort Saint James,54.4333,-124.25,2.35,91,100,3.24,CA,2021-02-07 01:57:51,overcast clouds
304,Woodward,36.4337,-99.3904,24.8,80,90,8.05,US,2021-02-07 01:57:51,overcast clouds
305,Imperial,33.0334,-115.4175,75.2,17,1,4.61,US,2021-02-07 01:57:52,clear sky
306,Hovd,48.0056,91.6419,7.83,91,0,1.66,MN,2021-02-07 01:56:23,clear sky
307,Neuquen,-38.9516,-68.0591,78.8,61,0,9.69,AR,2021-02-07 01:57:52,clear sky
308,Katangli,51.7102,143.2326,1.83,91,100,13.11,RU,2021-02-07 01:57:52,light snow
309,Dombas,62.0696,9.1235,1.51,77,0,1.5,NO,2021-02-07 01:57:52,clear sky
310,Tortoli,39.9256,9.6572,60.8,77,90,19.57,IT,2021-02-07 01:57:52,overcast clouds
311,Sao Felix Do Xingu,-6.6447,-51.995,73.26,92,100,1.52,BR,2021-02-07 01:57:52,overcast clouds
312,Camapua,-19.5314,-54.0439,68.45,70,0,5.17,BR,2021-02-07 01:57:53,clear sky
313,Zhaotong,27.3167,103.7167,40.19,77,73,4.29,CN,2021-02-07 01:57:53,broken clouds
314,Bubaque,11.2833,-15.8333,78.51,53,51,23.53,GW,2021-02-07 01:57:53,broken clouds
315,Quzhou,28.9594,118.8686,58.71,78,60,3.4,CN,2021-02-07 01:57:53,broken clouds
316,Saiha,22.4833,92.9667,60.42,33,0,2.42,IN,2021-02-07 01:57:53,clear sky
317,Mushie,-3.0167,16.9,73.0,92,81,3.31,CD,2021-02-07 01:57:54,light rain
318,Kaeo,-35.1,173.7833,73.0,62,97,14.0,NZ,2021-02-07 01:57:54,overcast clouds
319,Constantine,36.365,6.6147,57.2,58,75,18.41,DZ,2021-02-07 01:57:54,broken clouds
320,Avarua,-21.2078,-159.775,86.0,66,17,11.5,CK,2021-02-07 01:57:54,few clouds
321,Catemaco,18.4167,-95.1167,84.2,45,1,5.99,MX,2021-02-07 01:57:54,clear sky
322,Mount Gambier,-37.8333,140.7667,62.6,59,90,13.8,AU,2021-02-07 01:57:54,overcast clouds
323,Verkhnyaya Toyma,62.2349,44.9985,-16.71,85,63,8.63,RU,2021-02-07 01:57:54,broken clouds
324,Georgetown,5.4112,100.3354,82.4,74,20,8.05,MY,2021-02-07 01:53:18,few clouds
325,Verkhnevilyuysk,63.4453,120.3167,-28.12,85,0,3.6,RU,2021-02-07 01:57:55,clear sky
326,Mahebourg,-20.4081,57.7,75.0,86,0,1.99,MU,2021-02-07 01:57:55,clear sky
327,Wanning,18.8003,110.3967,72.27,75,22,4.23,CN,2021-02-07 01:54:25,few clouds
328,Chumikan,54.7183,135.315,-7.31,84,100,14.58,RU,2021-02-07 01:57:55,overcast clouds
329,Maceio,-9.6658,-35.7353,75.2,94,20,4.61,BR,2021-02-07 01:57:55,few clouds
330,Aquidauana,-20.4711,-55.7872,69.93,74,0,1.7,BR,2021-02-07 01:57:55,clear sky
331,Kingman,35.1894,-114.053,57.2,21,1,3.44,US,2021-02-07 01:57:55,clear sky
332,Ostrovskoye,57.8057,42.2433,-8.07,89,100,9.71,RU,2021-02-07 01:57:55,overcast clouds
333,Kutum,14.2,24.6667,46.17,54,1,7.47,SD,2021-02-07 01:57:56,clear sky
334,Riyadh,24.6877,46.7219,55.4,71,0,8.05,SA,2021-02-07 01:53:16,clear sky
335,Port-Gentil,-0.7193,8.7815,81.5,79,99,13.78,GA,2021-02-07 01:57:56,overcast clouds
336,Ranavav,21.6842,69.7408,61.12,34,0,11.43,IN,2021-02-07 01:57:56,clear sky
337,Griffith,41.5284,-87.4237,10.4,79,90,9.22,US,2021-02-07 01:57:56,light snow
338,Chapada Dos Guimaraes,-15.4606,-55.7497,80.6,61,0,5.75,BR,2021-02-07 01:57:56,clear sky
339,Ugento,39.9263,18.1574,59.0,88,75,14.97,IT,2021-02-07 01:57:56,broken clouds
340,Laiwu,36.1928,117.6569,38.71,68,49,12.48,CN,2021-02-07 01:57:56,light rain
341,Umm Kaddadah,13.6017,26.6876,56.21,38,0,13.13,SD,2021-02-07 01:57:57,clear sky
342,Yatou,37.15,122.3833,36.73,73,0,19.48,CN,2021-02-07 01:55:05,clear sky
343,Tazovskiy,67.4667,78.7,-25.28,86,96,10.0,RU,2021-02-07 01:57:57,overcast clouds
344,Kirakira,-10.4544,161.9205,79.56,86,100,8.79,SB,2021-02-07 01:57:57,overcast clouds
345,Baruun-Urt,46.6806,113.2792,-6.63,85,1,9.13,MN,2021-02-07 01:57:57,clear sky
346,Upata,8.0086,-62.3989,75.0,84,100,5.01,VE,2021-02-07 01:57:57,overcast clouds
347,Chapais,49.7834,-74.8492,12.2,79,40,11.5,CA,2021-02-07 01:53:14,scattered clouds
348,Laguna,38.421,-121.4238,62.6,48,1,4.61,US,2021-02-07 01:57:58,clear sky
349,Rio Branco,-9.9747,-67.81,77.0,100,75,5.75,BR,2021-02-07 01:57:58,broken clouds
350,Santa Marta,11.2408,-74.199,84.2,58,20,12.66,CO,2021-02-07 01:57:09,few clouds
351,Margate,51.3813,1.3862,36.0,85,100,8.01,GB,2021-02-07 01:57:58,light rain
352,Srednekolymsk,67.45,153.6833,-13.18,84,0,1.61,RU,2021-02-07 01:57:58,clear sky
353,Clinton,42.587,-82.9199,18.0,67,90,9.22,US,2021-02-07 01:57:58,overcast clouds
354,Maniitsoq,65.4167,-52.9,31.21,81,0,22.57,GL,2021-02-07 01:57:58,clear sky
355,Chail,25.4333,81.6333,50.94,65,0,5.48,IN,2021-02-07 01:57:59,clear sky
356,Guerrero Negro,27.9769,-114.0611,63.61,54,0,9.46,MX,2021-02-07 01:57:59,clear sky
357,Gillette,44.2911,-105.5022,10.4,72,90,14.97,US,2021-02-07 01:57:59,light snow
358,Esmeraldas,-19.7625,-44.3139,68.0,94,75,11.5,BR,2021-02-07 01:54:04,mist
359,Pietermaritzburg,-29.6168,30.3928,75.99,96,100,2.01,ZA,2021-02-07 01:57:59,overcast clouds
360,Synya,65.3718,58.0387,-26.41,84,100,8.93,RU,2021-02-07 01:57:59,overcast clouds
361,Carutapera,-1.195,-46.02,78.1,86,62,5.93,BR,2021-02-07 01:54:45,broken clouds
362,Nizwa,22.9333,57.5333,49.57,62,0,1.25,OM,2021-02-07 01:57:59,clear sky
363,Pangkalanbuun,-2.6833,111.6167,83.37,77,100,3.94,ID,2021-02-07 01:58:00,overcast clouds
364,Astara,38.5,48.6667,37.4,100,75,4.61,AZ,2021-02-07 01:55:49,broken clouds
365,Moctezuma,29.8,-109.6667,63.41,29,0,0.27,MX,2021-02-07 01:58:00,clear sky
366,Geraldton,-28.7667,114.6,73.4,78,75,23.02,AU,2021-02-07 01:58:00,broken clouds
367,Umm Lajj,25.0213,37.2685,67.75,49,0,18.84,SA,2021-02-07 01:54:50,clear sky
368,Graaff-Reinet,-32.2522,24.5308,68.0,48,84,7.85,ZA,2021-02-07 01:58:00,broken clouds
369,Saint George,37.1041,-113.5841,57.2,17,1,11.5,US,2021-02-07 01:55:01,clear sky
370,Solhan,38.9634,41.0293,25.83,80,0,2.53,TR,2021-02-07 01:58:01,clear sky
371,Ocos,14.5094,-92.1933,78.8,78,40,3.44,GT,2021-02-07 01:58:01,scattered clouds
372,Muhos,64.808,25.9931,15.8,86,0,11.5,FI,2021-02-07 01:58:01,clear sky
373,Wladyslawowo,54.7909,18.4009,7.0,92,0,3.44,PL,2021-02-07 01:58:01,clear sky
374,Jiuquan,39.7432,98.5174,29.98,70,100,1.88,CN,2021-02-07 01:58:01,overcast clouds
375,Cururupu,-1.8283,-44.8683,76.62,89,82,3.31,BR,2021-02-07 01:58:01,broken clouds
376,Fuzhou,26.0614,119.3061,60.8,88,90,4.47,CN,2021-02-07 01:58:01,mist
377,Altamira,-3.2033,-52.2064,76.91,69,45,2.82,BR,2021-02-07 01:55:26,scattered clouds
378,Kontagora,10.3999,5.4695,71.78,22,76,3.89,NG,2021-02-07 01:58:02,broken clouds
379,Narsaq,60.9167,-46.05,22.68,81,100,3.83,GL,2021-02-07 01:55:27,overcast clouds
380,Tecoanapa,16.5167,-98.75,77.58,74,0,6.78,MX,2021-02-07 01:58:02,clear sky
381,Walvis Bay,-22.9575,14.5053,63.0,94,29,5.75,NA,2021-02-07 01:58:02,scattered clouds
382,Rovaniemi,66.5,25.7167,15.8,92,0,9.22,FI,2021-02-07 01:58:02,clear sky
383,Saint-Paul,-21.0096,55.2707,71.01,94,23,1.01,RE,2021-02-07 01:58:02,few clouds
384,Concordia,-31.393,-58.0209,70.0,87,0,2.57,AR,2021-02-07 01:58:02,clear sky
385,Kuryk,43.2,51.65,37.42,75,31,8.32,KZ,2021-02-07 01:58:03,scattered clouds
386,Kamenskiy,50.8855,45.488,5.52,90,99,16.87,RU,2021-02-07 01:58:03,overcast clouds
387,Broome,42.2506,-75.833,24.8,33,1,3.44,US,2021-02-07 01:58:03,clear sky
388,Urengoy,65.9667,78.3667,-14.48,88,100,12.55,RU,2021-02-07 01:58:03,overcast clouds
389,Alice Springs,-23.7,133.8833,87.01,25,4,17.27,AU,2021-02-07 01:58:03,clear sky
390,Borazjan,29.2666,51.2159,62.6,82,75,16.11,IR,2021-02-07 01:58:03,broken clouds
391,Poum,-20.2333,164.0167,81.07,65,1,5.28,NC,2021-02-07 01:58:03,clear sky
392,Dudinka,69.4058,86.1778,-34.96,80,0,9.06,RU,2021-02-07 01:58:04,clear sky
393,Yining,29.0361,114.5636,61.36,69,39,0.87,CN,2021-02-07 01:58:04,scattered clouds
394,Rorvik,64.8621,11.2373,23.4,91,17,7.0,NO,2021-02-07 01:58:04,few clouds
395,Port Augusta,-32.5,137.7667,77.0,60,75,16.11,AU,2021-02-07 01:58:04,broken clouds
396,Lagoa,39.05,-27.9833,59.99,92,100,26.64,PT,2021-02-07 01:58:04,overcast clouds
397,Atasu,48.6814,71.6433,20.16,95,100,21.39,KZ,2021-02-07 01:58:04,overcast clouds
398,Iquitos,-3.7481,-73.2472,77.0,88,0,1.16,PE,2021-02-07 01:58:04,clear sky
399,Tubmanburg,6.8708,-10.8172,74.75,93,70,1.57,LR,2021-02-07 01:58:04,broken clouds
400,Maningrida,-12.0667,134.2667,82.04,76,100,13.44,AU,2021-02-07 01:58:05,overcast clouds
401,Chifeng,42.2683,118.9636,9.59,85,0,7.05,CN,2021-02-07 01:58:05,clear sky
402,Hambantota,6.1241,81.1185,71.6,100,20,1.14,LK,2021-02-07 01:55:55,few clouds
403,Champerico,14.3,-91.9167,64.0,93,0,7.18,GT,2021-02-07 01:58:05,clear sky
404,Kibara,-2.15,33.45,68.0,88,75,3.58,TZ,2021-02-07 01:58:05,broken clouds
405,Hokitika,-42.7167,170.9667,66.4,65,0,7.36,NZ,2021-02-07 01:55:39,clear sky
406,Quang Ngai,15.1167,108.8,73.94,80,75,1.59,VN,2021-02-07 01:58:05,broken clouds
407,Cahors,44.4167,1.3333,46.4,87,90,10.36,FR,2021-02-07 01:58:05,overcast clouds
408,Kaitangata,-46.2817,169.8464,66.0,75,2,10.0,NZ,2021-02-07 01:58:06,clear sky
409,Hofn,64.2539,-15.2082,32.22,93,99,17.81,IS,2021-02-07 01:58:06,light snow
410,Lodwar,3.1191,35.5973,78.78,52,37,3.85,KE,2021-02-07 01:55:24,scattered clouds
411,Mabaruma,8.2,-59.7833,72.59,96,100,4.72,GY,2021-02-07 01:58:06,overcast clouds
412,Dauriya,49.9333,116.8667,-9.04,88,100,3.49,RU,2021-02-07 01:58:06,overcast clouds
413,Komsomolskiy,40.4272,71.7189,41.0,56,100,4.61,UZ,2021-02-07 01:58:06,haze
414,Maturin,9.75,-63.1767,72.46,89,100,7.02,VE,2021-02-07 01:53:48,overcast clouds
415,Shanghai,31.2222,121.4581,60.01,71,0,4.47,CN,2021-02-07 01:58:06,haze
416,Ko Samui,9.5357,99.9357,80.6,83,20,13.8,TH,2021-02-07 01:58:07,few clouds
417,Bambanglipuro,-7.95,110.2833,84.11,69,9,4.81,ID,2021-02-07 01:58:07,clear sky
418,Novomalorossiyskaya,45.6348,39.8948,27.18,96,100,1.83,RU,2021-02-07 01:58:07,snow
419,Diffa,13.3154,12.6113,62.37,37,91,9.31,NE,2021-02-07 01:58:07,overcast clouds
420,Evensk,61.95,159.2333,18.64,84,100,28.5,RU,2021-02-07 01:55:24,overcast clouds
421,Lebu,-37.6167,-73.65,57.81,93,24,1.86,CL,2021-02-07 01:58:07,few clouds
422,Kahului,20.8947,-156.47,78.8,50,40,11.5,US,2021-02-07 01:57:59,scattered clouds
423,Abu Kamal,34.4506,40.9171,51.19,58,0,10.02,SY,2021-02-07 01:58:07,clear sky
424,Biskamzha,53.4497,89.5272,20.53,92,0,2.13,RU,2021-02-07 01:58:07,clear sky
425,Nanortalik,60.1432,-45.2371,24.98,88,100,9.28,GL,2021-02-07 01:58:08,overcast clouds
426,Krasne,49.9145,24.6134,17.6,86,75,8.95,UA,2021-02-07 01:58:08,broken clouds
427,Nekrasovskoye,57.6766,40.3657,1.4,71,75,11.18,RU,2021-02-07 01:58:08,broken clouds
428,Belaya Gora,68.5333,146.4167,-29.76,82,0,0.63,RU,2021-02-07 01:58:08,clear sky
429,Berlin,52.5244,13.4105,25.0,63,0,17.27,DE,2021-02-07 01:55:10,clear sky
430,Ostrovnoy,68.0531,39.5131,8.35,92,100,10.76,RU,2021-02-07 01:58:08,light snow
431,Oneida,43.2001,-75.4663,19.4,58,1,5.12,US,2021-02-07 01:58:08,clear sky
432,Karasburg,-28.0167,18.75,66.9,41,0,8.97,NA,2021-02-07 01:58:08,clear sky
433,Fengrun,39.8333,118.1167,32.68,78,0,1.86,CN,2021-02-07 01:58:08,clear sky
434,Isangel,-19.55,169.2667,86.0,79,20,5.75,VU,2021-02-07 01:58:09,few clouds
435,Bandarbeyla,9.4942,50.8122,74.75,82,7,11.14,SO,2021-02-07 01:53:29,clear sky
436,Monrovia,6.3005,-10.7969,79.38,86,88,7.94,LR,2021-02-07 01:58:09,overcast clouds
437,Kieta,-6.2167,155.6333,87.33,64,85,8.01,PG,2021-02-07 01:58:09,light rain
438,Dongsheng,39.8161,109.9776,22.19,78,0,10.16,CN,2021-02-07 01:58:09,clear sky
439,Sayyan,15.1718,44.3244,45.48,69,0,4.07,YE,2021-02-07 01:58:09,clear sky
440,Nara,34.6851,135.8049,57.0,71,20,2.3,JP,2021-02-07 01:58:09,few clouds
441,Araouane,18.9048,-3.5265,68.14,25,94,16.87,ML,2021-02-07 01:58:10,overcast clouds
442,Urucara,-2.5364,-57.76,74.98,94,93,2.62,BR,2021-02-07 01:58:10,overcast clouds
443,Rawson,-43.3002,-65.1023,58.26,69,32,19.86,AR,2021-02-07 01:58:10,scattered clouds
444,Kautokeino,69.0125,23.0412,16.77,93,100,9.95,NO,2021-02-07 01:58:10,overcast clouds
445,Hammerfest,70.6634,23.6821,26.51,95,100,19.15,NO,2021-02-07 01:58:10,light snow
446,Biak,-0.9131,122.8766,83.21,63,100,0.81,ID,2021-02-07 01:58:10,light rain
447,Teya,60.3778,92.6267,20.86,94,90,8.7,RU,2021-02-07 01:54:40,overcast clouds
448,Tilichiki,60.4667,166.1,18.03,88,100,17.92,RU,2021-02-07 01:58:10,light snow
449,Bosaso,11.2842,49.1816,72.48,77,51,4.07,SO,2021-02-07 01:58:10,broken clouds
450,Dezful,32.3811,48.4058,56.68,86,100,10.87,IR,2021-02-07 01:58:11,overcast clouds
451,Santa Vitoria Do Palmar,-33.5189,-53.3681,66.58,90,0,8.3,BR,2021-02-07 01:58:11,clear sky
452,New Bern,35.1085,-77.0441,46.0,65,90,4.61,US,2021-02-07 01:58:11,overcast clouds
453,Svetlaya,46.5389,138.3297,11.43,83,30,6.87,RU,2021-02-07 01:58:11,scattered clouds
454,Sechura,-5.5569,-80.8222,76.53,66,90,13.62,PE,2021-02-07 01:58:11,overcast clouds
455,Sinop,41.7711,34.8709,47.46,57,98,7.63,TR,2021-02-07 01:58:11,overcast clouds
456,Marsabit,2.3284,37.9899,68.25,63,38,7.34,KE,2021-02-07 01:58:11,scattered clouds
457,Talcher,20.95,85.2167,61.14,62,0,2.13,IN,2021-02-07 01:58:11,clear sky
458,Pareora,-44.4871,171.2132,68.0,74,0,5.01,NZ,2021-02-07 01:58:12,clear sky
459,Northam,51.0333,-4.2167,39.99,88,61,5.99,GB,2021-02-07 01:58:12,broken clouds
460,Makushino,55.2103,67.2442,17.11,95,100,24.36,RU,2021-02-07 01:58:12,overcast clouds
461,Kalmunai,7.4167,81.8167,77.86,87,24,7.94,LK,2021-02-07 01:58:12,few clouds
462,Fortuna,40.5982,-124.1573,48.99,93,90,11.5,US,2021-02-07 01:58:12,overcast clouds
463,Teahupoo,-17.8333,-149.2667,86.0,62,20,12.66,PF,2021-02-07 01:58:12,light rain
464,Buala,-8.145,159.5921,77.7,82,100,4.92,SB,2021-02-07 01:58:12,light rain
465,Kidal,18.4411,1.4078,70.88,19,100,11.56,ML,2021-02-07 01:58:13,overcast clouds
466,Alakurtti,66.9672,30.3491,17.15,94,100,10.31,RU,2021-02-07 01:58:13,overcast clouds
467,Imeni Babushkina,59.7573,43.1285,-11.4,89,100,8.14,RU,2021-02-07 01:58:13,overcast clouds
468,Acapulco,16.8634,-99.8901,80.6,74,1,4.61,MX,2021-02-07 01:53:21,clear sky
469,Suba,10.8438,121.0102,80.31,82,44,22.48,PH,2021-02-07 01:58:13,scattered clouds
470,Yar-Sale,66.8333,70.8333,-26.19,86,100,16.87,RU,2021-02-07 01:58:13,overcast clouds
471,Leh,34.1667,77.5833,4.77,48,0,2.53,IN,2021-02-07 01:54:44,clear sky
472,Adrar,20.5022,-10.0711,55.71,42,76,11.27,MR,2021-02-07 01:58:13,broken clouds
473,Pauini,-7.7136,-66.9764,74.48,96,99,2.28,BR,2021-02-07 01:58:13,overcast clouds
474,Saint-Francois,46.4154,3.9054,46.99,93,90,10.36,FR,2021-02-07 01:58:14,light intensity drizzle
475,Tulun,54.5611,100.5792,13.59,92,99,5.91,RU,2021-02-07 01:58:14,overcast clouds
476,Porto Santo,33.072,-16.3415,59.0,77,40,13.8,PT,2021-02-07 01:58:14,scattered clouds
477,Zyryanka,65.75,150.85,-12.44,85,0,9.08,RU,2021-02-07 01:58:14,clear sky
478,Hasilpur,29.7122,72.5553,48.96,56,0,1.45,PK,2021-02-07 01:58:14,clear sky
479,Huaiyin,33.5886,119.0192,54.07,57,0,7.63,CN,2021-02-07 01:58:14,clear sky
480,Poitiers,46.5833,0.3333,41.0,87,0,8.05,FR,2021-02-07 01:58:14,clear sky
481,Sawtell,-30.3833,153.1,82.99,74,100,6.91,AU,2021-02-07 01:58:15,overcast clouds
482,Mount Isa,-20.7333,139.5,78.8,94,75,9.22,AU,2021-02-07 01:58:12,light rain
483,Leshukonskoye,64.8989,45.7622,-21.59,84,76,9.53,RU,2021-02-07 01:55:23,broken clouds
484,Granada,37.25,-3.25,46.0,76,74,5.01,ES,2021-02-07 01:58:15,broken clouds
485,Kundiawa,-6.0167,144.9667,79.32,48,100,2.15,PG,2021-02-07 01:58:15,overcast clouds
486,Loharu,28.45,75.8167,51.39,47,0,3.22,IN,2021-02-07 01:58:15,clear sky
487,Sabang,5.8933,95.3214,82.54,75,13,18.12,ID,2021-02-07 01:58:15,few clouds
488,Rocha,-34.4833,-54.3333,63.48,94,3,4.12,UY,2021-02-07 01:58:16,clear sky
489,Qandala,11.472,49.8728,73.87,76,21,1.54,SO,2021-02-07 01:58:16,few clouds
490,Porto Novo,6.4965,2.6036,84.2,84,40,12.66,BJ,2021-02-07 01:58:16,scattered clouds
491,Kananga,-5.8958,22.4178,67.44,96,79,1.61,CD,2021-02-07 01:58:16,broken clouds
492,Roald,62.5833,6.1333,26.6,63,0,16.11,NO,2021-02-07 01:58:16,clear sky
493,Aasiaat,68.7098,-52.8699,19.94,87,0,24.83,GL,2021-02-07 01:56:56,clear sky
494,Coahuayana,18.7333,-103.6833,73.4,78,1,0.27,MX,2021-02-07 01:55:06,clear sky
495,Amalapuram,16.5833,82.0167,68.0,88,92,9.22,IN,2021-02-07 01:55:29,mist
496,Hami,42.8,93.45,33.53,72,86,6.98,CN,2021-02-07 01:55:39,overcast clouds
497,Sao Joao Da Barra,-21.6403,-41.0511,71.1,96,100,14.67,BR,2021-02-07 01:54:28,moderate rain
498,Bousso,10.4795,16.7117,67.87,21,60,7.27,TD,2021-02-07 01:58:17,broken clouds
499,Ginir,7.1333,40.7,55.78,59,100,2.48,ET,2021-02-07 01:58:17,overcast clouds
500,Thio,-21.6167,166.2167,87.8,62,40,10.36,NC,2021-02-07 01:58:17,scattered clouds
501,Buchanan,5.8808,-10.0467,79.14,85,100,6.46,LR,2021-02-07 01:58:17,overcast clouds
502,Tarrafal,15.2833,-23.7667,68.0,64,75,20.71,CV,2021-02-07 01:58:17,broken clouds
503,Gornoye Loo,43.7129,39.6049,44.6,87,90,11.18,RU,2021-02-07 01:58:17,light rain
504,Amursk,50.2261,136.8994,-2.09,90,100,4.16,RU,2021-02-07 01:54:02,overcast clouds
505,Jawar,23.0,76.5,50.47,48,0,5.61,IN,2021-02-07 01:58:18,clear sky
506,Usogorsk,63.4106,48.6872,-22.5,83,70,10.67,RU,2021-02-07 01:58:18,broken clouds
507,Kushima,31.4583,131.2333,59.0,55,20,18.41,JP,2021-02-07 01:58:18,few clouds
508,Bolivar,37.6145,-93.4105,23.0,87,100,14.67,US,2021-02-07 01:58:18,light snow
509,Sambava,-14.2667,50.1667,74.57,89,91,4.45,MG,2021-02-07 01:58:18,overcast clouds
510,Codrington,-38.2667,141.9667,61.11,65,100,12.26,AU,2021-02-07 01:58:18,overcast clouds
511,Tucuman,-26.8241,-65.2226,78.8,73,75,3.44,AR,2021-02-07 01:58:18,broken clouds
512,Kharp,66.8014,65.8081,-17.46,82,100,5.41,RU,2021-02-07 01:58:18,overcast clouds
513,Lossiemouth,57.7214,-3.2834,35.6,69,75,16.11,GB,2021-02-07 01:58:19,broken clouds
514,Wronki,52.7105,16.3804,19.0,67,0,16.11,PL,2021-02-07 01:58:19,clear sky
515,Tarbes,43.25,0.1667,42.8,81,90,12.66,FR,2021-02-07 01:58:19,overcast clouds
516,Camacupa,-12.0167,17.4833,62.49,97,100,5.84,AO,2021-02-07 01:58:08,light rain
517,Riverton,40.5219,-111.9391,46.4,56,40,16.11,US,2021-02-07 01:58:19,scattered clouds
518,Port Blair,11.6667,92.75,81.28,69,59,9.19,IN,2021-02-07 01:58:20,broken clouds
519,Porkhov,57.765,29.5561,1.4,92,0,4.47,RU,2021-02-07 01:58:20,clear sky
520,Abeche,13.8292,20.8324,63.28,27,42,17.07,TD,2021-02-07 01:58:20,scattered clouds
521,Kandrian,-6.2167,149.55,89.46,61,48,8.75,PG,2021-02-07 01:58:20,scattered clouds
522,Putina,-15.4667,-69.4333,46.69,77,65,11.54,PE,2021-02-07 01:58:20,broken clouds
523,Kendrapara,20.5042,86.416,64.4,77,0,3.44,IN,2021-02-07 01:58:20,mist
524,Boyolangu,-8.1181,111.8935,82.85,73,28,7.83,ID,2021-02-07 01:58:20,scattered clouds
525,Rantepao,-2.9701,119.8978,82.27,60,84,1.45,ID,2021-02-07 01:58:20,broken clouds
526,Jalu,29.0331,21.5482,57.67,43,0,8.41,LY,2021-02-07 01:58:21,clear sky
527,Rogaska Slatina,46.2375,15.6397,45.0,100,90,4.61,SI,2021-02-07 01:58:21,fog
528,Farkhor,37.4922,69.4036,55.4,66,75,6.71,TJ,2021-02-07 01:58:21,broken clouds
529,Maragogi,-9.0122,-35.2225,77.67,84,4,8.84,BR,2021-02-07 01:58:21,clear sky
530,Mamallapuram,12.6264,80.1722,69.8,88,20,7.52,IN,2021-02-07 01:58:22,mist
531,Jaggayyapeta,16.9,80.1,65.44,81,40,3.49,IN,2021-02-07 01:58:22,scattered clouds
532,Sehithwa,-20.4667,22.7167,69.48,92,100,4.47,BW,2021-02-07 01:58:22,light rain
533,Thohoyandou,-22.9456,30.485,69.3,97,100,0.94,ZA,2021-02-07 01:58:22,light rain
534,Kigali,-1.95,30.0588,64.0,100,96,3.0,RW,2021-02-07 01:57:02,overcast clouds
535,Meadow Lake,34.8014,-106.5436,50.0,12,1,5.75,US,2021-02-07 01:58:22,clear sky
536,Sinnamary,5.3833,-52.95,77.22,87,98,13.56,GF,2021-02-07 01:54:39,overcast clouds
537,Diapaga,12.0708,1.7889,75.0,20,60,6.89,BF,2021-02-07 01:58:22,broken clouds
538,Santa Josefa,7.9911,126.03,79.63,85,100,3.8,PH,2021-02-07 01:58:22,overcast clouds
539,Alice Town,25.7167,-79.3,76.23,84,0,18.48,BS,2021-02-07 01:58:23,clear sky
540,Fonte Boa,-2.4959,-66.2662,75.34,95,94,1.36,BR,2021-02-07 01:58:23,overcast clouds
541,Olga,43.7444,135.2892,13.05,78,0,14.61,RU,2021-02-07 01:58:23,clear sky
542,Langsa,4.4683,97.9683,84.0,66,79,1.01,ID,2021-02-07 01:58:23,broken clouds
543,Mayo,38.8876,-76.5119,42.8,56,1,3.85,US,2021-02-07 01:55:25,clear sky
544,Birin,26.8865,88.0718,46.06,68,0,3.78,NP,2021-02-07 01:55:23,clear sky
545,Phan Thiet,10.9333,108.1,81.23,58,96,4.56,VN,2021-02-07 01:58:24,overcast clouds
546,Talaya,61.3833,152.75,-6.61,86,100,6.2,RU,2021-02-07 01:58:24,overcast clouds
547,Prince Rupert,54.3161,-130.3201,41.0,81,90,8.05,CA,2021-02-07 01:58:24,overcast clouds
548,Djambala,-2.5447,14.7533,69.42,90,100,4.68,CG,2021-02-07 01:58:24,overcast clouds
549,Selma,36.5708,-119.6121,64.4,51,1,3.44,US,2021-02-07 01:58:24,clear sky
550,Singaraja,-8.112,115.0882,83.1,73,29,6.46,ID,2021-02-07 01:58:24,scattered clouds
551,Enid,36.3956,-97.8784,26.6,80,90,11.5,US,2021-02-07 01:53:35,overcast clouds
552,Batagay-Alyta,67.8006,130.4114,-25.87,83,100,1.61,RU,2021-02-07 01:58:24,overcast clouds
553,Bacolod,10.6667,122.95,83.82,71,68,13.38,PH,2021-02-07 01:58:25,broken clouds
554,Awjilah,29.1081,21.2869,58.21,41,0,9.19,LY,2021-02-07 01:58:25,clear sky
555,Yankton,42.8711,-97.3973,-0.99,65,1,3.33,US,2021-02-07 01:58:25,clear sky
556,Tiarei,-17.5333,-149.3333,86.0,62,20,12.66,PF,2021-02-07 01:58:25,light rain
557,Sandy Bay,-42.913,147.3532,66.0,63,75,17.27,AU,2021-02-07 01:58:25,broken clouds
558,Banda Aceh,5.5577,95.3222,82.08,72,48,7.7,ID,2021-02-07 01:58:25,scattered clouds
559,Argenta,44.6124,11.8356,48.0,98,100,4.81,IT,2021-02-07 01:58:25,overcast clouds
560,Copiapo,-27.3667,-70.3333,60.8,82,90,12.66,CL,2021-02-07 01:58:26,overcast clouds
561,Cabinda,-5.55,12.2,79.5,86,100,8.63,AO,2021-02-07 01:58:26,overcast clouds
562,Marathon,44.9,-89.7668,-4.0,54,1,12.66,US,2021-02-07 01:58:26,clear sky
563,Clarence Town,-32.5833,151.7833,82.99,47,75,14.97,AU,2021-02-07 01:58:26,broken clouds
564,Oyama,36.3,139.8,57.0,47,20,8.05,JP,2021-02-07 01:58:26,few clouds
565,Sorland,67.667,12.6934,35.4,79,11,17.87,NO,2021-02-07 01:58:26,few clouds
566,Luau,-10.7073,22.2247,64.27,99,100,3.83,AO,2021-02-07 01:58:27,overcast clouds
567,Hervey Bay,-25.2986,152.8535,91.0,45,0,10.36,AU,2021-02-07 01:56:49,clear sky
568,Skibbereen,51.55,-9.2667,35.6,93,20,9.22,IE,2021-02-07 01:58:27,few clouds
569,Iqaluit,63.7506,-68.5145,26.6,68,90,11.5,CA,2021-02-07 01:58:27,overcast clouds
570,Kui Buri,12.0828,99.8543,84.99,48,0,1.66,TH,2021-02-07 01:57:21,clear sky
571,Lardos,36.0942,28.0157,55.4,88,0,3.44,GR,2021-02-07 01:58:27,clear sky
572,Yeppoon,-23.1333,150.7333,95.0,46,75,5.75,AU,2021-02-07 01:58:27,broken clouds
573,Ust-Nera,64.5667,143.2,-20.11,77,30,5.39,RU,2021-02-07 01:58:27,scattered clouds
574,Vila Franca Do Campo,37.7167,-25.4333,59.0,88,75,23.02,PT,2021-02-07 01:58:28,broken clouds
575,Ulagan,50.6321,87.9563,8.33,82,0,4.12,RU,2021-02-07 01:58:28,clear sky
576,Ancud,-41.8697,-73.8203,62.6,51,0,11.5,CL,2021-02-07 01:58:21,clear sky
577,Ziro,27.6333,93.8333,42.06,75,0,3.18,IN,2021-02-07 01:58:28,clear sky
578,Narkevychi,49.5172,26.6418,21.11,90,98,8.14,UA,2021-02-07 01:58:28,overcast clouds
579,Veraval,20.9,70.3667,68.23,33,0,15.17,IN,2021-02-07 01:58:28,clear sky
580,Tiszabercel,48.15,21.65,28.99,69,90,14.97,HU,2021-02-07 01:58:28,overcast clouds
581,Tiznit,29.5833,-9.5,48.06,87,53,13.11,MA,2021-02-07 01:57:53,broken clouds
582,Novopokrovka,49.8425,36.5477,8.6,72,40,8.95,UA,2021-02-07 01:58:28,scattered clouds
583,Parati,-23.2178,-44.7131,68.95,80,20,3.22,BR,2021-02-07 01:58:29,few clouds
584,Portobelo,9.55,-79.65,81.0,99,100,8.95,PA,2021-02-07 01:58:29,overcast clouds
585,Klaksvik,62.2266,-6.589,35.6,60,40,17.27,FO,2021-02-07 01:58:29,scattered clouds
586,Humboldt,40.6665,-123.9178,48.99,93,90,11.5,US,2021-02-07 01:58:30,overcast clouds
587,Stornoway,58.2093,-6.3865,37.4,70,75,18.41,GB,2021-02-07 01:58:30,broken clouds
588,Kinablangan,7.6947,126.5503,78.93,88,100,5.95,PH,2021-02-07 01:58:30,overcast clouds
589,Nelson Bay,-32.7167,152.15,80.6,47,75,14.97,AU,2021-02-07 01:58:30,broken clouds
590,Kamaishi,39.2667,141.8833,33.8,100,75,1.14,JP,2021-02-07 01:58:28,light rain
591,Hvolsvollur,63.7533,-20.2243,27.61,91,0,11.05,IS,2021-02-07 01:58:30,clear sky
592,Peniche,39.3558,-9.3811,53.01,69,0,8.01,PT,2021-02-07 01:58:30,clear sky
593,Grigoropolisskaya,45.2972,41.0567,26.06,98,100,5.26,RU,2021-02-07 01:58:30,snow
594,Kaka,37.3482,59.6143,50.49,74,100,8.34,TM,2021-02-07 01:58:31,overcast clouds
595,Taganak,6.0833,118.3,82.4,83,20,2.3,PH,2021-02-07 01:58:31,few clouds
596,Acarau,-2.8856,-40.12,77.79,84,68,10.25,BR,2021-02-07 01:58:31,broken clouds
597,Port Hedland,-20.3167,118.5667,87.8,51,40,11.5,AU,2021-02-07 01:58:31,scattered clouds
598,Ahuimanu,21.4447,-157.8378,77.0,47,1,10.36,US,2021-02-07 01:57:55,clear sky
599,Ulladulla,-35.35,150.4667,77.0,50,75,1.14,AU,2021-02-07 01:55:27,broken clouds
600,Staunton,38.1496,-79.0717,39.0,52,40,3.44,US,2021-02-07 01:58:32,scattered clouds
601,Praya,14.9215,-23.5087,68.0,64,75,20.71,CV,2021-02-07 01:58:24,broken clouds
602,Undory,54.6085,48.3928,-4.0,71,100,11.18,RU,2021-02-07 01:58:32,overcast clouds
603,Kotelnikovo,47.6317,43.1461,24.71,85,1,11.81,RU,2021-02-07 01:58:32,clear sky
604,Aanekoski,62.6946,25.818,15.8,86,90,11.5,FI,2021-02-07 01:58:32,light snow
605,Shar,49.5886,81.0453,28.33,93,100,25.79,KZ,2021-02-07 01:58:32,light snow
606,Fare,-16.7,-151.0167,82.09,68,34,10.76,PF,2021-02-07 01:58:33,moderate rain
607,Comodoro Rivadavia,-45.8667,-67.5,55.4,71,40,8.05,AR,2021-02-07 01:57:27,scattered clouds
608,Mangan,27.5167,88.5333,51.4,44,6,5.61,IN,2021-02-07 01:58:33,clear sky
609,Sayaxche,16.5167,-90.1667,72.1,79,2,1.97,GT,2021-02-07 01:58:33,clear sky
610,Alexandria,31.2156,29.9553,55.4,94,0,3.44,EG,2021-02-07 01:55:07,clear sky
611,Launceston,-41.45,147.1667,72.0,45,4,13.8,AU,2021-02-07 01:58:33,clear sky
612,Eyl,7.9803,49.8164,74.7,81,52,12.57,SO,2021-02-07 01:55:00,broken clouds
613,Tual,-5.6667,132.75,83.88,79,100,20.42,ID,2021-02-07 01:58:33,moderate rain
614,Khani,41.9563,42.9566,46.4,81,0,12.66,GE,2021-02-07 01:55:01,clear sky
615,Channel-Port Aux Basques,47.5702,-59.1367,32.04,90,95,32.88,CA,2021-02-07 01:58:34,overcast clouds
616,Baherden,38.4362,57.4316,50.85,74,100,8.57,TM,2021-02-07 01:58:34,overcast clouds
617,Muscat,23.6139,58.5922,64.4,63,0,7.27,OM,2021-02-07 01:58:34,clear sky
618,Verkhnyaya Inta,65.9811,60.3094,-19.64,85,100,14.32,RU,2021-02-07 01:58:34,overcast clouds
619,Genhe,50.7833,121.5167,-8.16,84,36,1.77,CN,2021-02-07 01:58:35,scattered clouds
620,Ambilobe,-13.2,49.05,72.72,94,99,2.75,MG,2021-02-07 01:58:35,overcast clouds
621,Tsiroanomandidy,-18.7667,46.0333,68.4,93,100,1.19,MG,2021-02-07 01:58:35,overcast clouds
622,Purpe,64.4803,76.6897,-1.91,93,100,18.16,RU,2021-02-07 01:58:35,light snow
623,Pouebo,-20.4,164.5667,83.66,58,16,3.47,NC,2021-02-07 01:58:35,few clouds
624,Luganville,-15.5333,167.1667,84.61,66,34,8.1,VU,2021-02-07 01:58:35,scattered clouds
625,Windsor,42.3001,-83.0165,18.0,67,90,8.05,CA,2021-02-07 01:58:35,overcast clouds
626,Lompoc,34.6391,-120.4579,60.8,63,1,9.22,US,2021-02-07 01:58:36,clear sky
627,Tramandai,-29.9847,-50.1336,67.46,75,44,5.08,BR,2021-02-07 01:58:36,scattered clouds
628,Olafsvik,64.8945,-23.7142,33.49,84,24,16.08,IS,2021-02-07 01:58:36,few clouds
629,Taborfalva,47.0994,19.4784,35.6,93,90,6.91,HU,2021-02-07 01:58:36,overcast clouds
630,Wilmington,34.2257,-77.9447,46.99,66,90,9.22,US,2021-02-07 01:58:36,light rain
631,Santa Isabel,-23.3156,-46.2214,68.0,88,90,5.75,BR,2021-02-07 01:58:37,overcast clouds
632,Leon Valley,29.4952,-98.6186,66.2,22,1,8.05,US,2021-02-07 01:57:45,clear sky
633,Zarand,30.8127,56.564,46.83,45,10,4.07,IR,2021-02-07 01:58:37,clear sky
634,Olinda,-8.0089,-34.8553,78.8,73,40,4.61,BR,2021-02-07 01:58:37,scattered clouds
635,Pleasanton,37.6624,-121.8747,64.4,25,1,8.05,US,2021-02-07 01:55:49,clear sky
636,Kano,12.0001,8.5167,59.0,41,100,4.61,NG,2021-02-07 01:58:37,haze
637,Balestrand,61.2076,6.5334,6.01,86,0,1.01,NO,2021-02-07 01:58:37,clear sky
638,Venice,27.0998,-82.4543,72.0,94,1,13.8,US,2021-02-07 01:55:42,mist
639,Dakar,14.6937,-17.4441,62.6,72,46,16.11,SN,2021-02-07 01:56:23,scattered clouds
640,Najran,17.4924,44.1277,59.0,51,0,3.44,SA,2021-02-07 01:58:38,clear sky
641,Half Moon Bay,37.4636,-122.4286,61.0,71,1,8.05,US,2021-02-07 01:58:38,clear sky
642,Boddam,57.4667,-1.7833,33.8,64,90,16.11,GB,2021-02-07 01:58:38,light snow
643,Sola,-13.8833,167.55,82.33,70,59,3.4,VU,2021-02-07 01:58:23,broken clouds
644,Quthing,-30.4,27.7003,62.2,79,0,1.63,LS,2021-02-07 01:58:38,clear sky
645,Chake Chake,-5.2459,39.7666,77.59,82,71,5.57,TZ,2021-02-07 01:58:39,broken clouds
646,Vanimo,-2.6741,141.3028,80.37,83,100,3.65,PG,2021-02-07 01:58:39,overcast clouds
647,Hearst,49.6835,-83.6665,-11.2,77,98,3.44,CA,2021-02-07 01:58:39,overcast clouds
648,Hualmay,-11.0964,-77.6139,70.99,75,100,6.85,PE,2021-02-07 01:58:39,overcast clouds
649,Coracao De Jesus,-16.6853,-44.365,67.05,96,100,7.47,BR,2021-02-07 01:58:39,light rain
650,Panguna,-6.3164,155.4848,85.46,58,91,1.54,PG,2021-02-07 01:56:46,light rain
651,Arcata,40.8665,-124.0828,51.01,81,1,12.66,US,2021-02-07 01:58:39,clear sky
652,Oistins,13.0667,-59.5333,77.07,78,100,17.34,BB,2021-02-07 01:57:52,overcast clouds
653,Traipu,-9.9706,-37.0033,78.04,66,87,8.34,BR,2021-02-07 01:58:40,overcast clouds
654,Merauke,-8.4667,140.3333,84.38,77,98,15.1,ID,2021-02-07 01:58:40,overcast clouds
655,Nadym,65.5333,72.5167,-14.46,89,100,18.05,RU,2021-02-07 01:58:40,light snow
656,Santa Cruz Cabralia,-16.2781,-39.0247,78.8,83,75,4.61,BR,2021-02-07 01:58:40,broken clouds
657,Rio Grande,-32.035,-52.0986,66.99,96,0,10.67,BR,2021-02-07 01:56:30,clear sky
658,San Patricio,28.017,-97.5169,64.4,55,1,3.44,US,2021-02-07 01:58:41,clear sky
659,Jesus Maria,-30.9815,-64.0942,75.0,88,0,6.91,AR,2021-02-07 01:58:41,clear sky
660,Wajima,37.4,136.9,48.61,76,99,17.4,JP,2021-02-07 01:58:41,overcast clouds
661,San Francisco,37.7749,-122.4194,61.0,55,20,13.8,US,2021-02-07 01:55:53,few clouds
662,Innisfail,-17.5333,146.0333,87.17,68,77,6.44,AU,2021-02-07 01:58:41,broken clouds
663,Saint-Pierre,-21.3393,55.4781,78.8,69,40,6.91,RE,2021-02-07 01:58:41,scattered clouds
664,Basco,20.4487,121.9702,74.14,88,99,22.88,PH,2021-02-07 01:58:41,overcast clouds
665,Mount Pleasant,32.7941,-79.8626,46.99,100,90,9.22,US,2021-02-07 01:54:15,moderate rain
666,Shitanjing,39.2342,106.3439,28.63,76,0,1.07,CN,2021-02-07 01:58:42,clear sky
667,Taoudenni,22.6783,-3.9836,59.5,35,70,9.78,ML,2021-02-07 01:58:42,broken clouds
668,Shimoda,34.6667,138.95,55.0,55,0,1.99,JP,2021-02-07 01:55:41,clear sky
669,Litovko,49.2361,135.1742,-2.29,90,100,1.86,RU,2021-02-07 01:58:42,light snow
670,Kjollefjord,70.9457,27.3465,25.9,94,100,21.83,NO,2021-02-07 01:58:43,light snow
671,Kupang,-10.1667,123.5833,84.2,84,75,10.36,ID,2021-02-07 01:58:43,broken clouds
672,Dicabisagan,17.0818,122.4157,79.95,77,66,4.07,PH,2021-02-07 01:58:43,broken clouds
673,Omsukchan,62.5333,155.8,-2.04,88,100,9.69,RU,2021-02-07 01:58:43,overcast clouds
674,Tomatlan,19.9333,-105.25,68.09,91,2,3.29,MX,2021-02-07 01:58:43,clear sky
675,Gerash,27.6652,54.1371,48.2,71,0,5.23,IR,2021-02-07 01:58:43,clear sky
676,Manzanillo,20.3433,-77.1167,74.93,82,0,3.6,CU,2021-02-07 01:58:18,light rain
677,Galle,6.0367,80.217,77.2,85,55,6.51,LK,2021-02-07 01:58:43,broken clouds
678,Sicamous,50.8331,-118.9856,37.4,52,100,4.61,CA,2021-02-07 01:58:44,overcast clouds
679,Okhotsk,59.3833,143.3,3.43,86,100,21.81,RU,2021-02-07 01:55:53,overcast clouds
680,Goya,-29.14,-59.2626,68.86,59,0,6.13,AR,2021-02-07 01:58:44,clear sky
681,Pestovo,58.5938,35.8024,1.6,92,99,8.37,RU,2021-02-07 01:58:44,overcast clouds
682,Drumheller,51.4617,-112.7101,-7.01,71,100,5.75,CA,2021-02-07 01:58:44,light snow
683,Gualaquiza,-3.4,-78.55,64.4,90,100,1.32,EC,2021-02-07 01:58:44,overcast clouds
684,Maine-Soroa,13.2114,12.0241,61.2,34,95,10.16,NE,2021-02-07 01:58:44,overcast clouds
685,Villarrica,-25.75,-56.4333,63.91,79,0,4.25,PY,2021-02-07 01:58:45,clear sky
686,Chuchkovo,54.2693,41.4465,-8.03,90,94,11.25,RU,2021-02-07 01:58:45,overcast clouds
687,Tolbazy,54.0241,55.8825,1.4,78,75,20.13,RU,2021-02-07 01:58:45,broken clouds
688,Pangoa,-12.1167,-73.0,69.96,95,100,1.81,PE,2021-02-07 01:58:45,overcast clouds
689,Penzance,50.1186,-5.5371,39.0,93,75,11.5,GB,2021-02-07 01:57:19,broken clouds
690,Kismayo,-0.3582,42.5454,75.54,87,0,11.14,SO,2021-02-07 01:58:41,clear sky
691,Atherton,53.5237,-2.4935,39.0,80,89,5.01,GB,2021-02-07 01:58:45,overcast clouds
692,Matara,5.9485,80.5353,75.43,87,43,3.98,LK,2021-02-07 01:58:32,scattered clouds
